id,"Category","col1","col2","col3","col4","col5","col6","col7","col8","col9","col10","col11","col12","col13","col14","col15","col16","col17","col18","col19","col20","col21","col22"
1,1,161,430,190,21,32,10,52,1,90,30,1040,43,35,12,2,8,7,24,10,2,30,20
2,3,97,280,160,18,27,3,15,0,40,13,540,22,18,6,1,4,0,13,0,2,2,4
3,2,185,430,210,23,36,9,46,1,300,100,960,40,31,10,4,18,3,26,15,2,30,20
4,6,381,690,200,23,35,12,58,1,55,19,380,16,106,35,1,5,85,15,20,0,50,10
5,1,202,520,240,26,41,12,61,1.5,95,31,1100,46,41,14,3,11,10,30,10,2,30,25
6,2,135,250,70,8,12,3,15,0,25,8,770,32,30,10,4,17,3,18,6,0,25,8
7,7,130,340,130,15,23,4.5,22,0,30,11,780,33,37,12,1,6,8,14,4,0,10,10
8,2,143,410,180,20,31,8,41,0,30,10,1180,49,41,14,2,6,3,17,0,2,6,15
9,6,460,930,290,33,50,20,102,1,75,25,260,11,139,46,2,7,128,20,25,0,70,10
10,6,403,810,290,32,50,15,76,1,60,20,400,17,114,38,2,9,103,21,20,0,60,6
11,2,178,400,140,15,24,7,34,0,35,11,1250,52,47,16,2,9,16,20,2,10,15,10
12,7,168,510,220,24,37,3.5,17,0,0,0,290,12,67,22,5,22,0,6,0,70,2,8
13,1,208,500,240,26,40,10,48,0,70,23,980,41,44,15,3,10,11,22,2,2,15,20
14,3,302,480,170,19,28,7,36,0,95,32,1370,57,42,14,3,13,6,36,60,25,20,20
15,2,286,690,370,41,63,14,72,0,35,12,1700,71,55,18,4,17,4,26,4,2,10,15
16,2,56,150,80,9,14,1.5,6,0,0,0,310,13,15,5,2,6,0,1,0,2,0,2
17,3,249,670,300,33,51,9,44,0,85,29,1410,59,58,19,3,14,11,36,8,20,30,20
18,7,38,110,50,5,8,1,4,0,0,0,65,3,15,5,1,5,0,1,0,15,0,2
19,7,116,250,70,8,13,3.5,18,0,45,14,650,27,27,9,1,5,2,16,2,2,10,10
20,6,310,650,210,23,35,14,72,0.5,50,17,180,7,96,32,1,6,89,13,15,0,45,8
21,2,192,520,210,24,37,7,36,0,50,17,930,39,61,20,3,10,14,15,0,0,15,15
22,1,190,430,200,22,35,9,44,1,80,27,760,32,34,11,2,8,7,22,8,8,20,20
23,3,65,190,110,12,18,2,10,0,25,9,360,15,12,4,1,2,0,9,0,2,0,2
24,2,205,500,230,26,40,10,52,0,50,17,1320,55,46,15,2,9,15,21,2,0,20,10
25,3,213,510,200,22,33,3.5,18,0,45,16,990,41,55,18,3,13,10,24,4,6,15,20
26,2,177,570,330,37,57,15,74,0,250,83,1280,53,42,14,3,11,3,18,10,0,10,20
27,2,111,370,200,23,35,8,42,0,45,15,780,33,29,10,4,17,2,14,8,0,25,10
28,7,87,20,0,0,0,0,0,0,0,0,10,0,4,1,1,6,2,1,45,25,2,4
29,2,201,570,230,25,39,9,45,0.5,60,20,1480,62,55,18,3,12,8,30,10,15,20,15
30,5,241,220,80,8,13,4,20,0,85,29,690,29,8,3,2,10,4,29,110,30,15,8
31,2,283,800,470,52,80,18,90,0,555,185,1680,70,56,19,4,17,3,28,15,2,15,30
32,4,77,250,110,13,19,7,35,0,0,0,170,7,32,11,4,15,13,2,4,25,2,6
33,3,160,430,170,19,29,3,15,0,45,14,910,38,43,14,2,7,7,21,4,2,15,15
34,3,200,350,80,9,13,2,9,0,65,22,820,34,42,14,3,13,8,28,4,8,15,20
35,7,111,340,140,16,24,2.5,11,0,0,0,190,8,44,15,4,14,0,4,0,45,2,4
36,2,181,520,280,32,49,13,65,0,35,11,1290,54,40,13,3,11,3,18,4,0,8,15
37,1,161,440,200,22,34,10,49,1,90,30,1110,46,35,12,2,7,7,27,6,10,20,20
38,2,117,430,240,27,42,12,62,0,30,10,1080,45,34,11,2,6,2,11,0,0,6,15
39,2,167,470,220,25,38,12,59,0,35,11,1420,59,42,14,3,12,4,20,6,8,15,15
40,2,241,670,310,35,53,13,63,1.5,295,99,1510,63,56,19,3,12,7,33,20,4,25,25
41,7,75,230,100,11,17,1.5,8,0,0,0,130,5,30,10,2,10,0,2,0,30,0,4
42,2,420,1090,510,56,87,19,96,0,575,192,2150,90,111,37,6,23,17,36,15,2,25,40
43,5,348,450,190,22,33,4.5,22,0,50,17,850,35,42,14,7,28,12,23,170,30,15,15
44,2,423,990,410,46,70,16,78,0,55,19,2170,91,110,37,6,23,17,35,0,2,25,30
45,2,161,450,250,28,43,10,52,0,285,95,860,36,30,10,4,17,2,21,15,0,30,15
46,3,304,540,200,23,35,4.5,23,0,50,16,1260,52,61,20,3,13,14,23,60,15,8,20
47,2,111,300,150,16,25,7,33,0,115,38,790,33,26,9,1,5,2,12,10,2,15,15
48,3,318,520,180,20,31,6,32,0,80,27,1320,55,55,18,5,20,10,31,70,15,20,20
49,2,153,410,180,20,32,11,56,0,35,11,1300,54,36,12,2,7,3,20,2,8,15,10
50,2,251,290,35,4,6,1.5,8,0,5,2,160,7,58,19,5,19,32,5,2,130,10,10
51,1,283,750,380,43,66,19,96,2.5,160,53,1280,53,42,14,3,11,10,48,10,2,30,35
52,1,235,610,280,31,48,13,64,1.5,105,35,1180,49,46,15,3,14,10,37,8,20,25,30
53,2,167,460,250,27,42,12,62,0,35,11,1180,49,34,11,2,6,3,18,0,0,8,15
54,3,297,450,160,18,27,6,31,0.5,80,27,1170,49,42,14,3,14,6,30,60,15,15,20
55,2,161,400,210,23,35,8,42,0,50,16,880,37,30,10,4,17,2,21,6,0,25,10
56,7,149,150,20,2,3,1,5,0,5,2,70,3,30,10,1,3,23,4,2,15,10,4
57,2,201,540,290,32,49,16,78,1,280,93,1470,61,38,13,2,8,3,25,10,2,20,25
58,7,128,360,180,20,30,5,27,0,40,13,810,34,32,11,1,5,3,15,2,0,10,10
59,6,190,340,100,11,17,6,29,0,30,9,190,8,53,18,1,2,43,8,10,0,25,6
60,6,285,510,150,17,26,9,44,0.5,45,14,280,12,80,27,1,4,64,12,15,0,40,8
61,2,157,470,220,24,37,9,45,0,30,10,1290,54,46,15,3,11,4,17,4,2,8,15
62,3,217,450,130,15,23,4.5,22,0,90,30,1230,51,43,14,3,13,9,36,4,20,15,20
63,6,202,410,150,16,25,8,38,0,30,10,200,8,57,19,1,5,51,10,10,0,30,4
64,2,136,300,120,13,20,5,25,0,260,87,750,31,31,10,4,17,3,17,10,0,25,15
65,3,316,630,280,32,49,9,45,0.5,80,26,1540,64,56,19,3,13,7,32,60,20,20,20
66,3,291,380,90,10,15,3,14,0,65,22,1090,45,47,16,3,13,12,27,60,15,8,20
67,2,251,260,40,4,6,1.5,8,0,5,2,115,5,49,16,5,22,18,5,2,130,6,10
68,3,162,470,270,30,45,5,25,0,65,22,900,37,30,10,2,6,0,22,0,4,2,6
69,7,123,330,130,15,23,4.5,22,0,35,11,730,30,34,11,1,5,3,14,2,0,10,10
70,2,197,620,280,31,48,11,56,0.5,275,92,1480,62,57,19,3,11,7,30,20,15,20,20
71,1,244,540,250,27,42,11,54,1.5,85,28,960,40,45,15,3,13,9,29,10,8,25,30
72,5,255,380,190,21,33,6,29,0,70,23,860,36,22,7,2,10,5,25,100,25,15,8
73,4,29,45,10,1.5,2,1,4,0,5,2,20,1,7,2,0,0,6,1,2,0,4,0
74,2,114,460,170,19,30,9,43,0,15,5,370,15,66,22,3,11,32,6,4,0,6,15
75,6,207,430,140,15,24,10,48,0,35,11,120,5,64,21,1,4,59,9,10,0,30,4
76,7,34,15,0,0,0,0,0,0,0,0,0,0,4,1,0,0,3,0,0,160,2,0
77,2,434,1150,540,60,93,20,100,0,575,192,2260,94,116,39,7,28,17,36,15,2,30,40
78,2,272,640,330,37,57,14,69,0,35,12,1590,66,50,17,3,12,3,26,0,2,10,15
79,1,159,430,210,23,36,9,44,1,80,27,1030,43,35,12,2,7,6,22,6,8,20,20
80,3,235,510,180,20,31,7,36,0,105,35,1250,52,44,15,3,13,9,40,8,20,30,20
81,2,163,510,290,33,50,14,71,0,250,83,1170,49,36,12,2,6,2,18,6,0,10,20
82,4,178,280,60,6,10,4,20,0,25,8,85,4,49,16,0,0,45,6,8,4,20,0
83,3,284,750,340,38,59,10,51,0.5,90,31,1720,72,65,22,4,15,16,36,8,25,30,15
84,1,270,720,360,40,62,15,75,1.5,115,38,1470,61,51,17,4,14,14,39,8,25,30,25
85,2,151,350,80,9,13,2,9,0,20,7,590,24,60,20,3,10,14,8,0,0,15,15
86,5,230,140,40,4.5,7,2,9,0,10,3,150,6,20,7,6,23,6,6,160,25,15,10
87,2,174,460,190,21,32,9,44,0,250,84,1250,52,48,16,2,9,15,19,10,10,20,15
88,5,223,140,70,7,11,3.5,18,0,25,9,300,13,10,3,3,12,4,9,170,30,15,6
89,2,437,1050,450,50,77,16,81,0,55,19,2290,95,115,38,7,28,18,35,4,2,25,30
90,3,143,360,140,16,25,3,15,0,35,11,800,33,40,13,2,7,5,14,0,2,10,15
91,5,335,290,80,8,13,2.5,13,0,70,23,680,28,28,9,7,28,10,27,170,30,15,15
92,2,269,740,430,48,73,17,87,0,555,185,1560,65,51,17,3,12,3,28,15,2,15,25
93,2,131,480,280,31,48,13,65,0,30,10,1190,50,39,13,3,11,3,11,4,0,8,15
94,3,230,610,250,28,43,6,31,0,70,24,1400,58,57,19,3,13,11,32,4,20,15,20
95,7,123,260,70,8,13,3.5,18,0,40,14,700,29,30,10,1,6,7,16,4,2,10,10
96,3,646,1880,1060,118,182,20,101,1,265,89,3600,150,118,39,6,24,1,87,0,15,8,25
97,3,171,480,220,24,38,7,35,0,65,21,1260,53,43,14,2,8,6,22,4,10,20,15
98,7,121,280,120,13,20,4.5,22,0,45,16,720,30,25,8,1,5,2,16,2,2,10,10
99,2,150,460,230,26,40,13,65,0,250,83,1300,54,38,13,2,7,3,19,10,8,15,15
100,3,148,360,150,16,25,3,16,0,35,11,990,41,40,13,2,7,5,14,2,2,15,15
101,4,33,160,70,8,12,3.5,19,0,10,3,90,4,21,7,1,3,15,2,2,0,2,8
102,1,147,380,150,17,26,8,40,1,75,25,840,35,34,11,2,7,7,22,6,2,20,20
103,3,142,390,170,19,29,4,19,0,40,14,590,24,39,13,2,7,5,15,2,0,15,10
104,4,33,150,50,6,9,2.5,13,0,10,3,135,6,22,7,1,3,13,2,2,0,2,6
105,1,227,600,260,29,45,13,63,1.5,105,34,1440,60,48,16,3,12,12,37,6,15,25,30
106,3,270,590,230,25,39,8,42,0,110,37,1560,65,51,17,4,15,14,40,8,30,30,15
107,1,98,240,70,8,12,3,15,0,30,10,480,20,32,11,1,6,6,12,2,2,10,15
108,3,323,940,530,59,91,10,50,0,135,44,1800,75,59,20,3,12,0,44,0,8,4,10
109,1,113,290,100,11,18,5,27,0.5,45,15,680,28,33,11,2,7,7,15,6,2,20,15
110,4,179,330,80,9,14,7,34,0,25,8,170,7,53,18,1,3,48,8,8,0,25,8
111,1,211,530,240,27,42,10,48,1,85,28,960,40,47,16,3,13,9,24,6,2,25,25
112,2,141,420,200,22,34,8,40,0,35,11,1030,43,44,15,2,8,15,11,0,0,8,10
113,4,182,340,70,8,12,5,24,0,30,10,150,6,60,20,0,0,43,7,10,0,25,0
114,2,164,520,270,30,47,14,68,0,250,83,1410,59,43,14,3,12,4,19,15,8,20,20
115,3,314,670,300,33,51,8,40,0.5,60,21,1480,62,68,23,5,19,12,27,60,15,20,20
116,3,310,610,280,31,47,8,40,0.5,65,21,1340,56,56,19,3,14,8,27,60,15,20,20
117,3,161,430,190,21,32,5,25,0,50,17,1260,53,41,14,2,7,6,20,2,10,15,15
118,2,201,550,280,31,48,12,61,0,265,89,1320,55,48,16,2,9,15,20,10,0,20,15
